<?xml version="1.0" encoding="UTF-8"?>

   <language version="1.0" htmlParse="true">
;

        <!-- MULTI-PURPOSE MODALS -->
        <item id="stepCompleteMessage">You have completed this step. Please click on the {{{strong}}} blue &quot;Continue&quot; button {{{/strong}}} at the bottom right-side of your screen to go to the next step.</item>
        <item id="logInFirst">Please complete the log-in process first.</item>

        <!-- FOOTER -->
        <item id="fontSizeText">Text Size</item>
        <item id="cardHeightText">Card Height</item>
        <item id="btnHelp">Help me!</item>
        <item id="btnNext">Continue</item>

        <!-- LANDING SCREEN -->
        <item id="landingHead">University Research Project</item>
        <item id="welcomeText">{{{h2}}}EQ Web Sort Demo Project - iPad Use in the Classroom.{{{/h2}}}{{{br/}}}{{{br}}}{{{p}}}Thank you for helping with this research project{{{/p}}}</item>

        <!-- LANDING -> ACCESS CONTROL - only displayed if access is restricted -->
        <item id="accessCodeText">Access Code</item>
        <item id="accessInputText">Please enter the access code for this survey.</item>
        <item id="loginSubmitButtonText">Submit</item>
        <item id="loginPartIdText">Please enter your name or participant ID</item>
        <item id="accessCodeWarning">Access code invalid</item>
        <item id="partIdWarning">Invalid name or ID</item>
        <item id="loginHeaderText">Sign In</item>
        <item id="loginWelcomeText">{{{center}}}{{{h3}}}Welcome!{{{/h3}}}{{{/center}}}{{{br}}} Thank you for participating in this Q methodology research project. {{{br}}}Please {{{strong}}}sign in{{{/strong}}} using the form below to begin the process.</item>
        <item id="landingHelpModalHead">Welcome!</item>
        <item id="landingHelpModalText">Thank you for participating in this University Research Project. Please sign in to begin the process. After you submit your participant ID and/or the project access code, the instructions for the survey will appear. Please read them carefully, then click the &quot;{{{b}}}Continue{{{/b}}}&quot; button at the bottom right side of the screen to go to the next step.{{{br}}}{{{br}}} {{{center}}}{{{iframe width=&quot;640&quot; height=&quot;360&quot; src=&quot;https://www.youtube.com/embed/723gJhElR7Q&quot;}}} {{{/iframe}}}{{{/center}}}</item>

        <!-- LOCAL DATA COLLECTION -->  
        <item id="localHeader">Offline Q-sort Control Panel</item>
        <item id="partIdText">Participant Name</item>
        <item id="usercodeText">Usercode</item>
        <item id="localStartButtonText">Start Q-sort</item>
        <item id="localDeleteButtonText">Delete</item>
        <item id="localDownloadButtonText">Save Q-sort Data to Disk</item>
        <item id="storedQsortsHeaderText">Stored Q-sorts</item>
        <item id="localDeleteModalText">This will delete the particpant Q-sort data that is currently stored in the browser. You would usually only do this when you are starting a new project.{{{br}}}{{{br}}}{{{b}}}CAUTION - Deleted data cannot be recovered.{{{/b}}} {{{br}}}{{{br}}} {{{center}}}{{{/center}}}</item>
        <item id="localDeleteModalHead">Delete Data Stored in Browser?</item>
        <item id="localParticipantsText">Participants</item>
        <item id="localSaveBeforeDeleteModalHeader">Delete Disabled</item>
        <item id="localSaveBeforeDeleteModalText">Save Q sort Data to Disk before deleting.</item>
        <item id="localSaveDataButton">Save Participant Data to Browser Memory</item>
        <item id="localSubmitSuccessModalHeader">Success</item>
        <item id="localSubmitSuccessModalText">Participant Q sort data have been succesfully saved to browser memory</item>
        <item id="returnToLocalPanelButtonText">Return to Control Panel</item>

        <!-- PRESORT: rough sorting into three piles (leave blank to skip popup)-->
        <item id="titleBarText">Preliminary Sorting</item>
        <item id="presortAgreement">Agree (3)</item>
        <item id="presortStatements">Statements</item>
        <item id="presortNeutral">No Strong Feelings (2)</item>
        <item id="presortDisagreement">Disagree (1)</item>
        <item id="presortModalHead">Step 1 of 4</item>
        <item id="presortModalText">Read the folowing statements carefully and split them up into three piles: a pile for statements you tend to disagree with, a pile for cards you tend to agree with, and a pile for the rest. Changes can be made later.{{{br}}}{{{br}}}If you want to read this instruction a second time, click the help-button at the bottom left corner.</item>
        <item id="presortPreventNavModalHead">Navigation Disabled</item>
        <item id="presortPreventNavModalText">Please finish the preliminary sorting before going to the next step.</item>
        <item id="presortFinishedModalHead">Preliminary Sorting Complete</item>
        <item id="presortFinishedModalText">You have completed this step. Please click the &amp;quot;Continue&amp;quot; button in the bottom right side of the page to go to the next step.</item>

        <!-- SORT: sorting (leave blank to skip popup) -->
        <item id="sortHelpModalHead">Step 2 of 4</item>
        <item id="sortHelpModalText">In this step, please sort the statements in a grid pattern. Statements you most agree with should be placed on the far right side of the grid, and statements which you most disagree with should be placed on the far left side. Please watch the video for more information on how to sort the cards in this step.</item>
        <item id="sortAgreement">Agree</item>
        <item id="sortDisagreement">Disagree</item>
        <item id="condOfInst">Sort the cards according to your experience with the iPads this semester</item>
        <item id="sortingCompleteModalHead">Sorting Complete</item>
        <item id="sortingCompleteModalText">You have completed the initial sorting. Please take a moment to confirm your placement of the cards.{{{br}}}{{{br}}}When you are satisfied with their placement, please click on the {{{b}}}blue &quot;Continue&quot; button{{{/b}}} at the bottom right-side of your screen to go to the next step.</item>
        <item id="sortPreventNavModalHead">Navigation Disabled</item>
        <item id="sortPreventNavModalText">Please finish the grid sorting before going to the next step.</item>
        <item id="sortOverloadedColumnModalHead">Navigation Disabled</item>
        <item id="sortOverloadedColumnModalText">One of the columns has too many cards (it will be outlined in orange and have a dashed border). Please adjust the placement of the cards so that all columns have the correct number.</item>

        <!-- POSTSORT: comments - only displayed if showStep3 = true -->
        <item id="postsortHeader">Post-Sort Comments</item>
        <item id="postsortInstructions">{{{h3}}}Please describe your thoughts about these statements in more detail.{{{/h3}}}</item>
        <item id="placeholder">Click here to add comment</item>
        <item id="postsortAgreement">Placed on Agree</item>
        <item id="postsortDisagreement">Placed on Disagree</item>
        <item id="postsortModalHead">Step 3 of 4</item>
        <item id="postsortModalText">You can use the buttons at the bottom of the page to change the font size or card height.</item>

        <!-- SURVEY: Additional questions, only displayed if showStep4 == true -->
        <item id="surveyHeader">Post-Sort Questionnaire</item>
        <item id="surveyModalHead">Step 4 of 4</item>
        <item id="surveyModalText">Finally, please answer the following questions regarding your background. The questions marked with an &amp;quot;*&amp;quot; in their title are required.</item>
        <item id="surveyPreventNavModalHead">Navigation Disabled</item>
        <item id="surveyPreventNavModalText">Please answer the required questions (outlined in red) before going to the next step.</item>
       
        <!-- SUBMIT -->
        <item id="btnTransfer">Submit Data</item>
        <item id="transferHead">Final Step</item>
        <item id="transferTextAbove">{{{center}}}{{{h1}}}Ready to Submit{{{/h1}}}{{{/center}}}{{{br}}}{{{br}}} {{{h2}}}Please click the &quot;Submit Data&quot; button to transmit your results.{{{/h2}}}</item>
        <item id="transferTextBelow">If the submission confirmation message does not appear, {{{br}}}please wait a few minutes and click the submit button again.</item>
        <item id="transferOkModalHeader">Success - The data have been sent to the server</item>   
        <item id="transferOkModalText">Thank you for using EQ Web Sort!{{{br}}}{{{br}}}You can now close your browser tab.</item>
        <item id="transferFailModalHeader">Connection to server failed</item>   
        <item id="transferFailModalText">Please try again in a few moments.</item>   
        <item id="fallbackMessage">Data transmission has failed. Please download the results and email them as an attachment to ken.q.tools@gmail.com. Thank you!</item>   
        <item id="btnDownload">Download</item>   
        <item id="goodbyeMessage">Thank you! You can close this tab now.</item>  
        <!-- new language - email and linking -->
        <item id="btnTransferEmail">Open Email Client and Send Results</item>
        <item id="clipboardResults">Copy Results to Clipboard</item>  
        <item id="clipboardEmail">Copy Email Address to Clipboard</item>  
        <item id="copiedText">Copied!</item>  
        <item id="copyTextError">Error: Please try again</item>  
        <item id="defaultEmailClientFail"> Your default email client should have automatically opened with the results in the email body. If it didn't, please use the buttons below to copy and paste your information into an email.</item>   
        <item id="linkedProjectFallbackMessage">Please click the button to begin the next Q sort</item>   
         <item id="linkedProjectBtnMessage">Go to the next Step</item>   
         <item id="emailMessage1">You don't have to add anything to this email. Please just click the SEND button.</item>   
   </language>