<?xml version="1.0" encoding="UTF-8"?>

   <statements version="1.0" htmlParse="false">
     <statement id="1">I think the iPads helped to make a good learning environment for this class</statement>
     <statement id="2">I learned concepts more easily in this class because we used the iPad</statement>
     <statement id="3">I learned more from my classmates in this class than in my other classes because of the iPads</statement>
     <statement id="4">The iPad helped me to learn things in this class that I would not have learned otherwise</statement>
     <statement id="5">Using the iPad made it easier for me to make connections between the concepts used in the class</statement>
     <statement id="6">Using iPads matches well with my preferred method of learning</statement>
     <statement id="7">I feel using the iPads motivated me to work harder in this class</statement>
     <statement id="8">I think that the iPad skills that I learned in this class will help me in other classes</statement>
     <statement id="9">Using the iPad helped me to focus on the class concepts</statement>
     <statement id="10">Using the iPad helped me to remember concepts from previous class sessions</statement>
     <statement id="11">I participated more in this class than my other classes because of the iPads</statement>
     <statement id="12">Using the iPads with Socrative made it easier for me to express my opinions on the course concepts</statement>
     <statement id="13">It was interesting to use the iPads and Socrative to see the opinions of other students</statement>
     <statement id="14">Using the iPads to give feedback on student presentations made them more interesting</statement>
     <statement id="15">The Kahoot quizzes using iPads helped me to learn the course concepts</statement>
     <statement id="16">Using the iPads in class made it more difficult for me to speak in English during class</statement>
     <statement id="17">I wanted to use the iPad to access social media applications (LINE or Facebook) during class</statement>
     <statement id="18">Using the iPads in this class wasted valuable class time</statement>
     <statement id="19">It was difficult for me to understand how to use the iPad apps for this class</statement>
     <statement id="20">Using the iPad in this class made the course concepts more confusing</statement>
     <statement id="21">It was difficult to communicate my ideas using the iPad</statement>
     <statement id="22">The iPad-related material was not well integrated with the other class material</statement>
     <statement id="23">Having my opinions displayed on the screen in front of the class made me more reluctant to express my opinions</statement>
     <statement id="24">I became bored while using the iPad during class</statement>
     <statement id="25">I felt awkward when using the iPad because I am not as skilled with technology as other students seem to be</statement>
     <statement id="26">The iPad made it more difficult for me to concentrate on the course concepts</statement>
     <statement id="27">Using the iPad made it more difficult to speak in English with the Professor</statement>
     <statement id="28">Using the iPad made it more difficult to speak in English with other students</statement>
     <statement id="29">I lost some confidence in my ability to speak English during class because of the use of iPads</statement>
     <statement id="30">Using iPads during class was inconvenient</statement>
     <statement id="31">Use of the iPads didn’t improve the learning environment</statement>
     <statement id="32">I feel more comfortable using technology after taking this class</statement>
     <statement id="33">I wish more of my classes would use iPads</statement>
   </statements>